Postcode,Status,Notes
CF24 3BS,No Data Available,StreetCheck returned no housing tenure data
CF24 3BT,No Data Available,StreetCheck returned no housing tenure data
CF24 3BU,No Data Available,StreetCheck returned no housing tenure data
CF24 3BW,No Data Available,StreetCheck returned no housing tenure data
CF24 3BX,No Data Available,StreetCheck returned no housing tenure data
CF24 3BY,No Data Available,StreetCheck returned no housing tenure data
CF24 3BZ,No Data Available,StreetCheck returned no housing tenure data
CF24 3DA,No Data Available,StreetCheck returned no housing tenure data
CF24 3DB,No Data Available,StreetCheck returned no housing tenure data
CF24 3DD,No Data Available,StreetCheck returned no housing tenure data
CF24 3DE,No Data Available,StreetCheck returned no housing tenure data
CF24 3DF,No Data Available,StreetCheck returned no housing tenure data
CF24 3DG,No Data Available,StreetCheck returned no housing tenure data
CF24 3DH,No Data Available,StreetCheck returned no housing tenure data
CF24 3DJ,No Data Available,StreetCheck returned no housing tenure data
CF24 3DL,No Data Available,StreetCheck returned no housing tenure data
CF24 3DN,No Data Available,StreetCheck returned no housing tenure data
CF24 3DQ,No Data Available,StreetCheck returned no housing tenure data
CF24 3DR,No Data Available,StreetCheck returned no housing tenure data
CF24 3DS,No Data Available,StreetCheck returned no housing tenure data
CF24 3DT,No Data Available,StreetCheck returned no housing tenure data
CF24 3DU,No Data Available,StreetCheck returned no housing tenure data
CF24 3DW,No Data Available,StreetCheck returned no housing tenure data
CF24 3DX,No Data Available,StreetCheck returned no housing tenure data
CF24 3DY,No Data Available,StreetCheck returned no housing tenure data
CF24 3DZ,No Data Available,StreetCheck returned no housing tenure data
CF24 3EA,No Data Available,StreetCheck returned no housing tenure data
CF24 3GP,No Data Available,StreetCheck returned no housing tenure data
CF24 3HA,No Data Available,StreetCheck returned no housing tenure data
CF24 3HB,No Data Available,StreetCheck returned no housing tenure data
CF24 3HD,No Data Available,StreetCheck returned no housing tenure data
CF24 3HE,No Data Available,StreetCheck returned no housing tenure data
CF24 3HF,No Data Available,StreetCheck returned no housing tenure data
CF24 3HG,No Data Available,StreetCheck returned no housing tenure data
CF24 3HH,No Data Available,StreetCheck returned no housing tenure data
CF24 3HJ,No Data Available,StreetCheck returned no housing tenure data
CF24 3HL,No Data Available,StreetCheck returned no housing tenure data
CF24 3HN,No Data Available,StreetCheck returned no housing tenure data
CF24 3HP,No Data Available,StreetCheck returned no housing tenure data
CF24 3HQ,No Data Available,StreetCheck returned no housing tenure data
CF24 3HR,No Data Available,StreetCheck returned no housing tenure data
CF24 3HS,No Data Available,StreetCheck returned no housing tenure data
CF24 3HT,No Data Available,StreetCheck returned no housing tenure data
CF24 3HU,No Data Available,StreetCheck returned no housing tenure data
CF24 3HW,No Data Available,StreetCheck returned no housing tenure data
CF24 3HX,No Data Available,StreetCheck returned no housing tenure data
CF24 3JA,No Data Available,StreetCheck returned no housing tenure data
CF24 3JB,No Data Available,StreetCheck returned no housing tenure data
CF24 3JD,No Data Available,StreetCheck returned no housing tenure data
CF24 3JE,No Data Available,StreetCheck returned no housing tenure data
CF24 3JF,No Data Available,StreetCheck returned no housing tenure data
CF24 3JG,No Data Available,StreetCheck returned no housing tenure data
CF24 3JH,No Data Available,StreetCheck returned no housing tenure data
CF24 3NS,No Data Available,StreetCheck returned no housing tenure data
CF24 3NT,No Data Available,StreetCheck returned no housing tenure data
CF24 3NU,No Data Available,StreetCheck returned no housing tenure data
CF24 3NW,No Data Available,StreetCheck returned no housing tenure data
CF24 3NX,No Data Available,StreetCheck returned no housing tenure data
CF24 3NY,No Data Available,StreetCheck returned no housing tenure data
CF24 3NZ,No Data Available,StreetCheck returned no housing tenure data
CF24 3PA,No Data Available,StreetCheck returned no housing tenure data
CF24 3PB,No Data Available,StreetCheck returned no housing tenure data
CF24 3PD,No Data Available,StreetCheck returned no housing tenure data
CF24 3PE,No Data Available,StreetCheck returned no housing tenure data
CF24 3PF,No Data Available,StreetCheck returned no housing tenure data
CF24 3PG,No Data Available,StreetCheck returned no housing tenure data
CF24 3PH,No Data Available,StreetCheck returned no housing tenure data
CF24 3PJ,No Data Available,StreetCheck returned no housing tenure data
CF24 3PR,No Data Available,StreetCheck returned no housing tenure data
CF24 3PS,No Data Available,StreetCheck returned no housing tenure data
CF24 3PT,No Data Available,StreetCheck returned no housing tenure data
CF24 3PU,No Data Available,StreetCheck returned no housing tenure data
CF24 3PW,No Data Available,StreetCheck returned no housing tenure data
CF24 3PX,No Data Available,StreetCheck returned no housing tenure data
CF24 3PY,No Data Available,StreetCheck returned no housing tenure data
CF24 3PZ,No Data Available,StreetCheck returned no housing tenure data
CF24 3QA,No Data Available,StreetCheck returned no housing tenure data
CF24 3QB,No Data Available,StreetCheck returned no housing tenure data
CF24 3QD,No Data Available,StreetCheck returned no housing tenure data
CF24 3QE,No Data Available,StreetCheck returned no housing tenure data
CF24 3QF,No Data Available,StreetCheck returned no housing tenure data
CF24 3QG,No Data Available,StreetCheck returned no housing tenure data
CF24 3QH,No Data Available,StreetCheck returned no housing tenure data
CF24 3QJ,No Data Available,StreetCheck returned no housing tenure data
CF24 3QL,No Data Available,StreetCheck returned no housing tenure data
CF24 3QN,No Data Available,StreetCheck returned no housing tenure data
CF24 3QP,No Data Available,StreetCheck returned no housing tenure data
CF24 3QQ,No Data Available,StreetCheck returned no housing tenure data
CF24 3QR,No Data Available,StreetCheck returned no housing tenure data
CF24 3QS,No Data Available,StreetCheck returned no housing tenure data
CF24 3QT,No Data Available,StreetCheck returned no housing tenure data
CF24 3QU,No Data Available,StreetCheck returned no housing tenure data
CF24 3QW,No Data Available,StreetCheck returned no housing tenure data
CF24 3QX,No Data Available,StreetCheck returned no housing tenure data
CF24 3QY,No Data Available,StreetCheck returned no housing tenure data
CF24 3QZ,No Data Available,StreetCheck returned no housing tenure data
CF24 3RA,No Data Available,StreetCheck returned no housing tenure data
CF24 3RB,No Data Available,StreetCheck returned no housing tenure data
CF24 3RD,No Data Available,StreetCheck returned no housing tenure data
CF24 3RE,No Data Available,StreetCheck returned no housing tenure data
CF24 3RF,No Data Available,StreetCheck returned no housing tenure data
CF24 3RG,No Data Available,StreetCheck returned no housing tenure data
CF24 3RH,No Data Available,StreetCheck returned no housing tenure data
CF24 3RJ,No Data Available,StreetCheck returned no housing tenure data
CF24 3RL,No Data Available,StreetCheck returned no housing tenure data
CF24 3RP,No Data Available,StreetCheck returned no housing tenure data
CF24 3RQ,No Data Available,StreetCheck returned no housing tenure data
CF24 3RR,No Data Available,StreetCheck returned no housing tenure data
CF24 3RS,No Data Available,StreetCheck returned no housing tenure data
CF24 3RT,No Data Available,StreetCheck returned no housing tenure data
CF24 3RU,No Data Available,StreetCheck returned no housing tenure data
CF24 3RW,No Data Available,StreetCheck returned no housing tenure data
CF24 3RX,No Data Available,StreetCheck returned no housing tenure data
CF24 3RY,No Data Available,StreetCheck returned no housing tenure data
CF24 3RZ,No Data Available,StreetCheck returned no housing tenure data
CF24 3SA,No Data Available,StreetCheck returned no housing tenure data
CF24 3SB,No Data Available,StreetCheck returned no housing tenure data
CF24 3SD,No Data Available,StreetCheck returned no housing tenure data
CF24 3SE,No Data Available,StreetCheck returned no housing tenure data
CF24 3SF,No Data Available,StreetCheck returned no housing tenure data
CF24 3SG,No Data Available,StreetCheck returned no housing tenure data
CF24 3SH,No Data Available,StreetCheck returned no housing tenure data
CF24 3SJ,No Data Available,StreetCheck returned no housing tenure data
CF24 3SL,No Data Available,StreetCheck returned no housing tenure data
CF24 3SN,No Data Available,StreetCheck returned no housing tenure data
CF24 3SP,No Data Available,StreetCheck returned no housing tenure data
CF24 3TQ,No Data Available,StreetCheck returned no housing tenure data
CF24 3TW,No Data Available,StreetCheck returned no housing tenure data
CF24 3UN,No Data Available,StreetCheck returned no housing tenure data
CF24 3UR,No Data Available,StreetCheck returned no housing tenure data
CF24 3UW,No Data Available,StreetCheck returned no housing tenure data
CF24 3UX,No Data Available,StreetCheck returned no housing tenure data
CF24 3WD,No Data Available,StreetCheck returned no housing tenure data
CF24 3WN,No Data Available,StreetCheck returned no housing tenure data
CF24 3XL,No Data Available,StreetCheck returned no housing tenure data
CF24 3YB,No Data Available,StreetCheck returned no housing tenure data
CF24 3YR,No Data Available,StreetCheck returned no housing tenure data
CF24 3YW,No Data Available,StreetCheck returned no housing tenure data
CF24 3YX,No Data Available,StreetCheck returned no housing tenure data
CF24 3YZ,No Data Available,StreetCheck returned no housing tenure data
